11,"unrest, conflicts and war",1
12,"crime, law and justice",3
14,"unrest, conflicts and war",17
14,"crime, law and justice",3
15,"crime, law and justice",2
17,"crime, law and justice",1
21,"unrest, conflicts and war",4
21,"crime, law and justice",2
22,"unrest, conflicts and war",3
22,"crime, law and justice",1
24,"crime, law and justice",1
26,"crime, law and justice",1
27,"crime, law and justice",3
31,"unrest, conflicts and war",1
32,"crime, law and justice",1
32,disaster and accident,1
35,"crime, law and justice",12
36,"unrest, conflicts and war",1
37,"unrest, conflicts and war",1
39,"crime, law and justice",2
40,"crime, law and justice",4
40,"unrest, conflicts and war",2
40,religion and belief,1
43,"crime, law and justice",45
43,"unrest, conflicts and war",5
43,disaster and accident,3
56,"crime, law and justice",8
56,"unrest, conflicts and war",3
59,"crime, law and justice",3
61,"unrest, conflicts and war",4
61,"crime, law and justice",2
61,religion and belief,1
62,"unrest, conflicts and war",10
62,"crime, law and justice",2
65,"crime, law and justice",1
65,disaster and accident,1
65,"unrest, conflicts and war",1
67,"crime, law and justice",3
67,"unrest, conflicts and war",1
68,"crime, law and justice",1
69,"crime, law and justice",11
69,"unrest, conflicts and war",4
69,disaster and accident,1
70,"crime, law and justice",3
70,disaster and accident,1
71,"crime, law and justice",6
71,disaster and accident,3
74,"crime, law and justice",29
74,"unrest, conflicts and war",4
74,disaster and accident,1
76,"unrest, conflicts and war",4
78,"unrest, conflicts and war",23
78,"crime, law and justice",4
78,disaster and accident,1
78,religion and belief,1
80,"unrest, conflicts and war",7
80,religion and belief,2
80,"crime, law and justice",1
81,"crime, law and justice",7
85,disaster and accident,1
86,"unrest, conflicts and war",37
86,"crime, law and justice",16
91,"unrest, conflicts and war",3
98,"crime, law and justice",5
98,"unrest, conflicts and war",5
98,religion and belief,1
99,"crime, law and justice",2
101,"crime, law and justice",1
110,"crime, law and justice",43
110,disaster and accident,4
112,"unrest, conflicts and war",9
112,religion and belief,1
113,"crime, law and justice",1
118,"unrest, conflicts and war",1
126,"crime, law and justice",1
126,disaster and accident,1
128,"crime, law and justice",22
128,disaster and accident,1
128,"unrest, conflicts and war",1
131,"crime, law and justice",7
131,"unrest, conflicts and war",1
141,"crime, law and justice",7
141,"unrest, conflicts and war",3
142,"crime, law and justice",11
142,"unrest, conflicts and war",11
145,"crime, law and justice",58
145,"unrest, conflicts and war",16
145,religion and belief,8
145,disaster and accident,4
146,"crime, law and justice",13
147,"crime, law and justice",6
147,"unrest, conflicts and war",6
151,"crime, law and justice",45
151,"unrest, conflicts and war",25
151,disaster and accident,2
151,religion and belief,2
155,"crime, law and justice",28
155,disaster and accident,3
158,"crime, law and justice",13
158,"unrest, conflicts and war",9
158,disaster and accident,1
160,"crime, law and justice",15
160,"unrest, conflicts and war",1
162,"crime, law and justice",2
162,"unrest, conflicts and war",1
165,"crime, law and justice",14
165,disaster and accident,1
172,"crime, law and justice",11
172,"unrest, conflicts and war",1
175,"crime, law and justice",4
175,"unrest, conflicts and war",1
182,"crime, law and justice",14
182,disaster and accident,1
182,"unrest, conflicts and war",1
194,"crime, law and justice",4
194,"unrest, conflicts and war",3
204,"crime, law and justice",18
204,disaster and accident,1
215,"crime, law and justice",2
215,"unrest, conflicts and war",1
224,"crime, law and justice",10
224,"unrest, conflicts and war",2
224,disaster and accident,1
225,"crime, law and justice",17
225,disaster and accident,3
227,"crime, law and justice",2
227,religion and belief,1
228,"crime, law and justice",53
228,"unrest, conflicts and war",17
228,religion and belief,3
228,disaster and accident,2
233,"unrest, conflicts and war",11
233,"crime, law and justice",2
233,religion and belief,1
234,"unrest, conflicts and war",6
234,"crime, law and justice",4
234,disaster and accident,1
234,religion and belief,1
237,"crime, law and justice",4
237,"unrest, conflicts and war",4
240,"unrest, conflicts and war",4
240,"crime, law and justice",3
240,religion and belief,1
242,"unrest, conflicts and war",37
242,"crime, law and justice",30
242,religion and belief,5
242,disaster and accident,4
251,"crime, law and justice",31
251,"unrest, conflicts and war",18
251,disaster and accident,6
251,religion and belief,1
259,"crime, law and justice",6
259,"unrest, conflicts and war",4
264,"crime, law and justice",5
264,"unrest, conflicts and war",3
264,disaster and accident,1
264,religion and belief,1
266,"crime, law and justice",2
266,religion and belief,1
289,"crime, law and justice",1
293,"crime, law and justice",17
293,"unrest, conflicts and war",16
294,"crime, law and justice",19
296,"crime, law and justice",34
296,disaster and accident,4
296,"unrest, conflicts and war",3
296,religion and belief,1
298,"crime, law and justice",10
298,"unrest, conflicts and war",2
298,religion and belief,1
300,"crime, law and justice",13
300,"unrest, conflicts and war",4
300,disaster and accident,2
302,"crime, law and justice",2
304,"crime, law and justice",24
304,"unrest, conflicts and war",3
304,disaster and accident,2
306,"crime, law and justice",21
306,"unrest, conflicts and war",18
309,"crime, law and justice",1
311,"crime, law and justice",20
316,"crime, law and justice",41
316,"unrest, conflicts and war",4
316,religion and belief,2
317,"crime, law and justice",5
317,"unrest, conflicts and war",5
319,"crime, law and justice",2
319,"unrest, conflicts and war",1
320,"unrest, conflicts and war",13
320,disaster and accident,4
320,"crime, law and justice",2
320,religion and belief,1
321,"unrest, conflicts and war",5
321,"crime, law and justice",2
322,"unrest, conflicts and war",6
322,"crime, law and justice",2
325,"unrest, conflicts and war",2
325,"crime, law and justice",1
327,"crime, law and justice",5
327,"unrest, conflicts and war",1
328,"unrest, conflicts and war",9
328,"crime, law and justice",4
332,"unrest, conflicts and war",10
332,"crime, law and justice",5
332,religion and belief,1
343,"unrest, conflicts and war",1
346,"unrest, conflicts and war",4
346,"crime, law and justice",2
352,"crime, law and justice",15
352,"unrest, conflicts and war",4
352,disaster and accident,3
354,"unrest, conflicts and war",13
354,"crime, law and justice",2
356,"unrest, conflicts and war",9
356,"crime, law and justice",7
356,disaster and accident,1
359,"crime, law and justice",1
374,"unrest, conflicts and war",12
374,"crime, law and justice",3
377,"crime, law and justice",7
377,"unrest, conflicts and war",4
378,"crime, law and justice",1
380,"crime, law and justice",39
380,disaster and accident,5
380,"unrest, conflicts and war",4
383,"unrest, conflicts and war",1
388,"crime, law and justice",6
388,religion and belief,1
390,"crime, law and justice",40
390,disaster and accident,6
390,"unrest, conflicts and war",4
390,religion and belief,2
397,"unrest, conflicts and war",5
397,"crime, law and justice",3
398,"crime, law and justice",5
400,"crime, law and justice",16
400,"unrest, conflicts and war",2
402,"crime, law and justice",79
402,"unrest, conflicts and war",61
402,disaster and accident,13
402,religion and belief,1
404,"unrest, conflicts and war",3
404,"crime, law and justice",2
404,disaster and accident,1
405,"crime, law and justice",12
405,"unrest, conflicts and war",5
405,disaster and accident,1
408,"crime, law and justice",10
408,disaster and accident,1
408,"unrest, conflicts and war",1
411,"crime, law and justice",1
411,"unrest, conflicts and war",1
414,"crime, law and justice",18
414,disaster and accident,2
414,"unrest, conflicts and war",1
416,"unrest, conflicts and war",2
417,"crime, law and justice",79
417,"unrest, conflicts and war",57
417,disaster and accident,10
417,religion and belief,3
419,"crime, law and justice",35
419,"unrest, conflicts and war",16
425,"crime, law and justice",26
425,"unrest, conflicts and war",8
425,disaster and accident,2
425,religion and belief,1
426,"crime, law and justice",5
426,"unrest, conflicts and war",2
428,"crime, law and justice",3
429,"unrest, conflicts and war",2
431,"crime, law and justice",16
431,"unrest, conflicts and war",11
433,"unrest, conflicts and war",5
433,"crime, law and justice",4
435,"crime, law and justice",24
435,"unrest, conflicts and war",17
435,disaster and accident,3
435,religion and belief,2
441,"crime, law and justice",1
442,"unrest, conflicts and war",18
442,"crime, law and justice",13
442,religion and belief,2
442,disaster and accident,1
443,"crime, law and justice",2
443,"unrest, conflicts and war",1
444,"crime, law and justice",4
445,"crime, law and justice",11
445,"unrest, conflicts and war",4
446,"unrest, conflicts and war",6
446,"crime, law and justice",3
448,religion and belief,1
450,"crime, law and justice",29
450,"unrest, conflicts and war",10
450,disaster and accident,3
450,religion and belief,1
451,"crime, law and justice",13
451,"unrest, conflicts and war",4
451,disaster and accident,1
453,"crime, law and justice",1
453,"unrest, conflicts and war",1
454,"unrest, conflicts and war",9
454,"crime, law and justice",6
454,religion and belief,5
455,"crime, law and justice",5
455,"unrest, conflicts and war",5
456,"crime, law and justice",38
456,disaster and accident,3
456,"unrest, conflicts and war",3
458,"crime, law and justice",3
458,disaster and accident,1
458,religion and belief,1
458,"unrest, conflicts and war",1
460,"crime, law and justice",4
460,"unrest, conflicts and war",4
461,"unrest, conflicts and war",6
461,"crime, law and justice",4
461,disaster and accident,1
464,"crime, law and justice",4
464,"unrest, conflicts and war",1
465,"crime, law and justice",25
465,disaster and accident,2
465,"unrest, conflicts and war",1
467,"crime, law and justice",1
471,"crime, law and justice",18
471,"unrest, conflicts and war",1
474,"crime, law and justice",1
475,"crime, law and justice",1
475,"unrest, conflicts and war",1
477,"unrest, conflicts and war",19
477,religion and belief,6
477,"crime, law and justice",4
477,disaster and accident,3
478,"crime, law and justice",26
478,"unrest, conflicts and war",18
478,disaster and accident,2
481,"unrest, conflicts and war",15
481,"crime, law and justice",12
483,"crime, law and justice",9
483,religion and belief,2
483,"unrest, conflicts and war",2
483,disaster and accident,1
484,"crime, law and justice",7
484,"unrest, conflicts and war",3
487,"crime, law and justice",2
487,"unrest, conflicts and war",2
487,disaster and accident,1
488,"crime, law and justice",8
488,"unrest, conflicts and war",7
488,disaster and accident,5
488,religion and belief,2
490,"crime, law and justice",10
490,"unrest, conflicts and war",1
491,"crime, law and justice",32
491,"unrest, conflicts and war",5
491,religion and belief,1
492,"crime, law and justice",34
492,disaster and accident,7
492,"unrest, conflicts and war",6
496,"unrest, conflicts and war",7
496,"crime, law and justice",6
498,"crime, law and justice",15
498,religion and belief,1
500,"crime, law and justice",5
504,"unrest, conflicts and war",8
507,"crime, law and justice",5
507,"unrest, conflicts and war",2
508,"crime, law and justice",10
510,"crime, law and justice",9
510,"unrest, conflicts and war",2
511,"crime, law and justice",18
511,religion and belief,2
511,"unrest, conflicts and war",1
512,"crime, law and justice",1
516,"unrest, conflicts and war",21
516,"crime, law and justice",20
516,religion and belief,4
516,disaster and accident,2
518,"crime, law and justice",1
518,religion and belief,1
518,"unrest, conflicts and war",1
521,"crime, law and justice",5
523,"crime, law and justice",5
523,disaster and accident,2
523,"unrest, conflicts and war",2
524,"crime, law and justice",6
524,"unrest, conflicts and war",1
527,"crime, law and justice",48
527,"unrest, conflicts and war",3
527,disaster and accident,2
527,religion and belief,1
533,"crime, law and justice",5
533,"unrest, conflicts and war",1
538,"crime, law and justice",8
539,"crime, law and justice",9
539,disaster and accident,1
539,"unrest, conflicts and war",1
542,"crime, law and justice",13
542,disaster and accident,2
544,"crime, law and justice",2
544,"unrest, conflicts and war",1
546,"crime, law and justice",4
546,disaster and accident,2
546,religion and belief,1
548,"crime, law and justice",10
549,"crime, law and justice",5
549,"unrest, conflicts and war",5
549,disaster and accident,1
549,religion and belief,1
550,"crime, law and justice",14
550,"unrest, conflicts and war",7
550,religion and belief,5
550,disaster and accident,1
551,"crime, law and justice",5
551,"unrest, conflicts and war",3
553,"crime, law and justice",8
553,disaster and accident,2
553,"unrest, conflicts and war",1
555,"crime, law and justice",8
555,"unrest, conflicts and war",3
556,"crime, law and justice",25
556,"unrest, conflicts and war",3
556,disaster and accident,1
556,religion and belief,1
557,"crime, law and justice",5
557,religion and belief,1
557,"unrest, conflicts and war",1
559,"crime, law and justice",13
560,"crime, law and justice",2
560,disaster and accident,1
560,"unrest, conflicts and war",1
561,"crime, law and justice",8
561,"unrest, conflicts and war",7
562,"unrest, conflicts and war",18
562,religion and belief,3
562,"crime, law and justice",2
565,"crime, law and justice",6
565,"unrest, conflicts and war",2
566,"unrest, conflicts and war",4
566,"crime, law and justice",2
568,"crime, law and justice",5
568,"unrest, conflicts and war",2
571,"crime, law and justice",21
571,disaster and accident,6
571,"unrest, conflicts and war",6
571,religion and belief,1
573,"unrest, conflicts and war",7
573,"crime, law and justice",3
574,"crime, law and justice",8
574,"unrest, conflicts and war",6
574,disaster and accident,4
575,"crime, law and justice",17
575,"unrest, conflicts and war",10
575,disaster and accident,3
577,"crime, law and justice",1
586,"crime, law and justice",4
586,"unrest, conflicts and war",1
590,"crime, law and justice",11
590,"unrest, conflicts and war",3
590,religion and belief,2
594,religion and belief,1
594,"unrest, conflicts and war",1
595,"crime, law and justice",19
595,disaster and accident,1
595,"unrest, conflicts and war",1
598,"crime, law and justice",1
598,"unrest, conflicts and war",1
601,"unrest, conflicts and war",5
605,"crime, law and justice",1
607,"crime, law and justice",2
608,"crime, law and justice",1
621,"crime, law and justice",3
625,"crime, law and justice",64
625,disaster and accident,5
625,"unrest, conflicts and war",4
628,"unrest, conflicts and war",37
628,"crime, law and justice",27
628,religion and belief,7
628,disaster and accident,1
633,"crime, law and justice",3
639,"crime, law and justice",14
639,"unrest, conflicts and war",1
640,"crime, law and justice",19
645,"crime, law and justice",6
645,"unrest, conflicts and war",2
663,"crime, law and justice",3
669,"crime, law and justice",1
669,"unrest, conflicts and war",1
677,"crime, law and justice",1
687,"crime, law and justice",1
689,"crime, law and justice",31
689,"unrest, conflicts and war",8
689,religion and belief,3
689,disaster and accident,1
698,religion and belief,1
698,"unrest, conflicts and war",1
700,"crime, law and justice",1
701,"crime, law and justice",4
708,"unrest, conflicts and war",5
708,"crime, law and justice",2
721,"crime, law and justice",3
721,"unrest, conflicts and war",2
721,disaster and accident,1
722,"crime, law and justice",29
722,disaster and accident,7
722,"unrest, conflicts and war",5
722,religion and belief,1
723,"crime, law and justice",17
723,disaster and accident,2
743,"crime, law and justice",3
743,"unrest, conflicts and war",2
751,"crime, law and justice",15
751,disaster and accident,3
751,"unrest, conflicts and war",2
754,"unrest, conflicts and war",1
759,religion and belief,1
760,"unrest, conflicts and war",2
760,"crime, law and justice",1
762,"unrest, conflicts and war",5
762,"crime, law and justice",1
764,"unrest, conflicts and war",103
764,"crime, law and justice",78
764,religion and belief,45
764,disaster and accident,36
766,"crime, law and justice",5
767,"crime, law and justice",18
767,disaster and accident,1
805,"crime, law and justice",4
807,"crime, law and justice",2
834,"crime, law and justice",1
849,"crime, law and justice",2
856,"crime, law and justice",1
856,disaster and accident,1
864,"unrest, conflicts and war",2
864,religion and belief,1
865,"unrest, conflicts and war",4
865,"crime, law and justice",2
883,"crime, law and justice",15
883,"unrest, conflicts and war",3
883,disaster and accident,1
886,"crime, law and justice",33
886,"unrest, conflicts and war",8
886,disaster and accident,2
891,"crime, law and justice",19
891,"unrest, conflicts and war",3
928,"crime, law and justice",31
928,disaster and accident,6
928,"unrest, conflicts and war",2
944,"crime, law and justice",1
958,"crime, law and justice",6
958,"unrest, conflicts and war",3
971,"crime, law and justice",2
971,"unrest, conflicts and war",1
978,"crime, law and justice",4
978,"unrest, conflicts and war",3
996,"unrest, conflicts and war",10
996,religion and belief,6
996,"crime, law and justice",5
1010,"unrest, conflicts and war",39
1010,"crime, law and justice",13
1010,religion and belief,2
1012,"crime, law and justice",11
1012,disaster and accident,7
1012,religion and belief,1
1012,"unrest, conflicts and war",1
1016,"unrest, conflicts and war",6
1016,"crime, law and justice",4
1019,"crime, law and justice",41
1019,religion and belief,15
1019,"unrest, conflicts and war",15
1019,disaster and accident,10
1020,disaster and accident,3
1020,"crime, law and justice",2
1020,religion and belief,1
1020,"unrest, conflicts and war",1
1022,"unrest, conflicts and war",26
1022,"crime, law and justice",5
1023,"unrest, conflicts and war",55
1023,"crime, law and justice",12
1023,disaster and accident,5
1023,religion and belief,4
1073,"crime, law and justice",4
1073,"unrest, conflicts and war",1
1075,"crime, law and justice",2
1090,"crime, law and justice",2
1096,"crime, law and justice",51
1096,"unrest, conflicts and war",6
1096,disaster and accident,3
1097,"crime, law and justice",2
1097,disaster and accident,1
1098,"crime, law and justice",6
1098,"unrest, conflicts and war",4
1098,disaster and accident,1
1102,"crime, law and justice",4
1103,"crime, law and justice",7
1103,religion and belief,2
1103,disaster and accident,1
1103,"unrest, conflicts and war",1
1104,"crime, law and justice",16
1104,disaster and accident,1
1104,"unrest, conflicts and war",1
1111,"crime, law and justice",15
1111,disaster and accident,1
1111,religion and belief,1
1112,"crime, law and justice",26
1112,"unrest, conflicts and war",6
1112,disaster and accident,3
1113,"unrest, conflicts and war",10
1113,"crime, law and justice",6
1113,religion and belief,1
1115,"crime, law and justice",1
1118,"unrest, conflicts and war",12
1118,"crime, law and justice",6
1118,religion and belief,4
1125,"unrest, conflicts and war",1
1126,"unrest, conflicts and war",6
1126,"crime, law and justice",5
1126,disaster and accident,2
1127,"crime, law and justice",11
1127,"unrest, conflicts and war",3
1128,"crime, law and justice",1
1128,religion and belief,1
1129,"crime, law and justice",17
1129,"unrest, conflicts and war",11
1129,disaster and accident,5
1182,"crime, law and justice",15
1182,"unrest, conflicts and war",14
1182,religion and belief,1
1192,"crime, law and justice",21
1192,"unrest, conflicts and war",2
1192,disaster and accident,1
1195,"crime, law and justice",2
1195,"unrest, conflicts and war",2
1198,"unrest, conflicts and war",1
1203,"crime, law and justice",1
1203,"unrest, conflicts and war",1
1206,"crime, law and justice",1
1206,"unrest, conflicts and war",1
1214,"crime, law and justice",24
1214,disaster and accident,2
1214,religion and belief,2
1214,"unrest, conflicts and war",1
1221,"crime, law and justice",8
1221,disaster and accident,1
1222,"crime, law and justice",166
1222,"unrest, conflicts and war",162
1222,disaster and accident,16
1222,religion and belief,11
1223,"unrest, conflicts and war",5
1224,"crime, law and justice",13
1224,"unrest, conflicts and war",4
1225,"crime, law and justice",20
1225,"unrest, conflicts and war",7
1225,disaster and accident,2
1226,"crime, law and justice",3
1226,"unrest, conflicts and war",2
1227,"unrest, conflicts and war",1
1236,"crime, law and justice",6
1236,"unrest, conflicts and war",4
1236,religion and belief,2
1259,"unrest, conflicts and war",6
1259,religion and belief,4
1259,"crime, law and justice",2
1259,disaster and accident,1
1266,"unrest, conflicts and war",41
1266,"crime, law and justice",33
1266,religion and belief,4
1266,disaster and accident,1
1267,"crime, law and justice",14
1267,"unrest, conflicts and war",12
1267,disaster and accident,2
1270,"unrest, conflicts and war",10
1270,"crime, law and justice",3
1270,disaster and accident,2
1270,religion and belief,1
1278,"unrest, conflicts and war",10
1278,"crime, law and justice",2
1284,disaster and accident,2
1284,"unrest, conflicts and war",2
1284,"crime, law and justice",1
1293,"crime, law and justice",2
1293,religion and belief,1
1325,"unrest, conflicts and war",2
1353,disaster and accident,1
1369,"crime, law and justice",2
1384,"crime, law and justice",1
1436,"unrest, conflicts and war",5
1436,"crime, law and justice",1
1468,"crime, law and justice",25
1507,"unrest, conflicts and war",24
1507,"crime, law and justice",17
1507,disaster and accident,3
1508,"unrest, conflicts and war",6
1508,"crime, law and justice",2
1508,religion and belief,2
1510,"crime, law and justice",11
1510,disaster and accident,4
1512,"crime, law and justice",40
1512,disaster and accident,3
1512,"unrest, conflicts and war",2
1519,"unrest, conflicts and war",4
1519,"crime, law and justice",1
1520,"unrest, conflicts and war",10
1520,"crime, law and justice",4
1521,"unrest, conflicts and war",1
1522,"crime, law and justice",19
1522,"unrest, conflicts and war",6
1522,disaster and accident,5
1523,"unrest, conflicts and war",30
1523,"crime, law and justice",14
1523,religion and belief,1
1524,"crime, law and justice",27
1524,"unrest, conflicts and war",6
1524,disaster and accident,4
1524,religion and belief,4
1525,"unrest, conflicts and war",35
1525,"crime, law and justice",33
1525,disaster and accident,2
1526,"unrest, conflicts and war",7
1526,"crime, law and justice",3
1527,"crime, law and justice",5
1527,"unrest, conflicts and war",3
1531,"unrest, conflicts and war",5
1531,"crime, law and justice",4
1531,disaster and accident,1
1532,"crime, law and justice",5
1532,"unrest, conflicts and war",2
1533,"crime, law and justice",8
1533,"unrest, conflicts and war",2
1534,"unrest, conflicts and war",1
1535,"crime, law and justice",1
1535,"unrest, conflicts and war",1
1536,"unrest, conflicts and war",11
1536,"crime, law and justice",5
1540,"crime, law and justice",3
1540,religion and belief,1
1540,"unrest, conflicts and war",1
1543,"unrest, conflicts and war",8
1543,"crime, law and justice",2
1544,"crime, law and justice",3
1545,"unrest, conflicts and war",8
1545,"crime, law and justice",2
1545,disaster and accident,2
1547,"unrest, conflicts and war",1
1548,"unrest, conflicts and war",95
1548,religion and belief,10
1548,"crime, law and justice",7
1548,disaster and accident,2
1549,"crime, law and justice",3
1549,religion and belief,1
1549,"unrest, conflicts and war",1
1551,religion and belief,1
1551,"unrest, conflicts and war",1
1552,"crime, law and justice",5
1552,disaster and accident,2
1552,religion and belief,2
1553,"crime, law and justice",13
1553,"unrest, conflicts and war",7
1554,"unrest, conflicts and war",2
1554,"crime, law and justice",1
1554,disaster and accident,1
1556,"crime, law and justice",1
1558,"unrest, conflicts and war",22
1558,"crime, law and justice",9
1558,religion and belief,3
1558,disaster and accident,1
1561,"unrest, conflicts and war",23
1561,"crime, law and justice",13
1561,religion and belief,2
1565,"unrest, conflicts and war",2
1566,"unrest, conflicts and war",6
1566,"crime, law and justice",4
1566,religion and belief,3
1568,"crime, law and justice",1
1568,"unrest, conflicts and war",1
1569,"crime, law and justice",3
1569,disaster and accident,1
1572,"crime, law and justice",11
1572,disaster and accident,3
1573,"unrest, conflicts and war",10
1573,"crime, law and justice",2
1573,disaster and accident,1
1574,"crime, law and justice",2
1575,"unrest, conflicts and war",9
1575,"crime, law and justice",5
1576,"crime, law and justice",5
1576,"unrest, conflicts and war",1
1578,"unrest, conflicts and war",2
1579,"unrest, conflicts and war",6
1579,"crime, law and justice",2
1580,"crime, law and justice",6
1580,"unrest, conflicts and war",4
1581,"crime, law and justice",1
1581,"unrest, conflicts and war",1
1582,"crime, law and justice",7
1582,"unrest, conflicts and war",2
1583,"crime, law and justice",4
1583,"unrest, conflicts and war",3
1584,"unrest, conflicts and war",3
1584,"crime, law and justice",1
1585,"crime, law and justice",10
1585,disaster and accident,1
1586,"crime, law and justice",2
1586,"unrest, conflicts and war",1
1587,"crime, law and justice",14
1587,"unrest, conflicts and war",3
1588,"unrest, conflicts and war",18
1588,"crime, law and justice",7
1589,"unrest, conflicts and war",1
1590,"crime, law and justice",23
1590,"unrest, conflicts and war",7
1590,religion and belief,2
1590,disaster and accident,1
1591,"crime, law and justice",8
1591,disaster and accident,1
1591,"unrest, conflicts and war",1
1592,"crime, law and justice",10
1592,"unrest, conflicts and war",4
1592,religion and belief,1
1593,"crime, law and justice",12
1593,"unrest, conflicts and war",5
1593,religion and belief,2
1594,"crime, law and justice",10
1594,"unrest, conflicts and war",4
1594,disaster and accident,1
1594,religion and belief,1
1595,"crime, law and justice",10
1596,"unrest, conflicts and war",2
1596,"crime, law and justice",1
1597,"crime, law and justice",11
1597,"unrest, conflicts and war",1
1598,"crime, law and justice",6
1598,religion and belief,1
1600,"unrest, conflicts and war",1
1602,"crime, law and justice",47
1602,disaster and accident,1
1602,"unrest, conflicts and war",1
1604,"unrest, conflicts and war",6
1604,"crime, law and justice",5
1604,religion and belief,1
1605,"crime, law and justice",47
1605,"unrest, conflicts and war",9
1605,disaster and accident,2
1606,"crime, law and justice",22
1606,"unrest, conflicts and war",5
1606,disaster and accident,1
1608,"crime, law and justice",16
1608,"unrest, conflicts and war",2
1609,"crime, law and justice",6
1609,"unrest, conflicts and war",2
1609,disaster and accident,1
1610,"crime, law and justice",16
1610,"unrest, conflicts and war",2
1610,disaster and accident,1
1613,"crime, law and justice",22
1613,"unrest, conflicts and war",6
1613,disaster and accident,1
1616,"crime, law and justice",6
1616,"unrest, conflicts and war",2
1618,"unrest, conflicts and war",2
1619,"unrest, conflicts and war",47
1619,"crime, law and justice",7
1619,disaster and accident,1
1619,religion and belief,1
1620,"crime, law and justice",7
1620,disaster and accident,1
1620,"unrest, conflicts and war",1
1621,"unrest, conflicts and war",4
1621,"crime, law and justice",2
1622,"crime, law and justice",1
1622,"unrest, conflicts and war",1
1623,"crime, law and justice",3
1623,religion and belief,2
1623,"unrest, conflicts and war",2
1624,"crime, law and justice",7
1624,"unrest, conflicts and war",3
1627,"unrest, conflicts and war",21
1627,"crime, law and justice",14
1627,disaster and accident,3
1627,religion and belief,2
1628,"crime, law and justice",5
1628,"unrest, conflicts and war",2
1628,religion and belief,1
1629,"unrest, conflicts and war",4
1629,religion and belief,1
1631,"crime, law and justice",42
1631,disaster and accident,1
1635,"crime, law and justice",3
1635,"unrest, conflicts and war",2
1636,"crime, law and justice",2
1636,"unrest, conflicts and war",2
1638,"crime, law and justice",1
1638,disaster and accident,1
1638,"unrest, conflicts and war",1
1794,"crime, law and justice",25
1794,"unrest, conflicts and war",3
1794,disaster and accident,2
1802,"unrest, conflicts and war",1
1803,"crime, law and justice",1
1803,religion and belief,1
1803,"unrest, conflicts and war",1
1804,"unrest, conflicts and war",1
1805,"unrest, conflicts and war",3
1805,religion and belief,1
1806,"crime, law and justice",1
1806,"unrest, conflicts and war",1
1814,"unrest, conflicts and war",1
1818,religion and belief,3
1818,"unrest, conflicts and war",3
1818,"crime, law and justice",1
1820,"unrest, conflicts and war",91
1820,"crime, law and justice",28
1820,disaster and accident,2
1820,religion and belief,2
1821,"crime, law and justice",35
1821,religion and belief,11
1821,"unrest, conflicts and war",7
1821,disaster and accident,4
1822,"crime, law and justice",10
1822,"unrest, conflicts and war",1
1823,"crime, law and justice",16
1823,"unrest, conflicts and war",9
1824,"unrest, conflicts and war",78
1824,"crime, law and justice",36
1824,religion and belief,7
1824,disaster and accident,6
1825,"unrest, conflicts and war",28
1825,"crime, law and justice",11
1825,religion and belief,2
1825,disaster and accident,1
1827,"crime, law and justice",3
1829,"unrest, conflicts and war",41
1829,"crime, law and justice",12
1829,religion and belief,3
1830,"crime, law and justice",12
1830,"unrest, conflicts and war",9
1832,"crime, law and justice",13
1832,disaster and accident,2
1832,"unrest, conflicts and war",1
1835,"crime, law and justice",7
1835,"unrest, conflicts and war",2
1838,"crime, law and justice",40
1838,"unrest, conflicts and war",23
1838,religion and belief,4
1838,disaster and accident,1
1839,"crime, law and justice",78
1839,disaster and accident,8
1840,"crime, law and justice",24
1840,disaster and accident,4
1841,"crime, law and justice",16
1841,"unrest, conflicts and war",7
1841,disaster and accident,1
1842,"crime, law and justice",6
1844,religion and belief,1
1845,"crime, law and justice",21
1846,"crime, law and justice",6
1848,"unrest, conflicts and war",3
1848,"crime, law and justice",2
1849,"crime, law and justice",2
1850,"crime, law and justice",56
1850,"unrest, conflicts and war",11
1850,disaster and accident,1
1851,"crime, law and justice",2
1851,"unrest, conflicts and war",1
1854,"crime, law and justice",5
1856,"crime, law and justice",7
1856,"unrest, conflicts and war",1
1876,"crime, law and justice",27
1876,"unrest, conflicts and war",8
1876,disaster and accident,1
1877,"crime, law and justice",6
1877,"unrest, conflicts and war",2
1877,religion and belief,1
1878,"crime, law and justice",5
1878,"unrest, conflicts and war",3
1878,disaster and accident,2
1879,"unrest, conflicts and war",2
1880,"unrest, conflicts and war",2
1881,"crime, law and justice",6
1881,disaster and accident,1
1883,"crime, law and justice",49
1883,"unrest, conflicts and war",6
1883,disaster and accident,1
1884,"crime, law and justice",5
1885,"unrest, conflicts and war",8
1885,"crime, law and justice",4
1886,"crime, law and justice",1
1888,"crime, law and justice",2
1889,"crime, law and justice",52
1889,disaster and accident,3
1889,"unrest, conflicts and war",3
1895,"crime, law and justice",1
1896,"crime, law and justice",2
1896,"unrest, conflicts and war",2
1897,"crime, law and justice",18
1897,disaster and accident,3
1898,"unrest, conflicts and war",25
1898,"crime, law and justice",24
1898,disaster and accident,1
1898,religion and belief,1
1899,"unrest, conflicts and war",17
1899,"crime, law and justice",7
1899,religion and belief,5
1899,disaster and accident,2
1900,"unrest, conflicts and war",48
1900,"crime, law and justice",42
1900,disaster and accident,5
1900,religion and belief,2
1901,"unrest, conflicts and war",18
1901,religion and belief,3
1901,"crime, law and justice",2
1902,"unrest, conflicts and war",2
1904,"crime, law and justice",2
1905,"unrest, conflicts and war",38
1905,"crime, law and justice",9
1905,disaster and accident,3
1905,religion and belief,1
1907,"crime, law and justice",4
1907,"unrest, conflicts and war",4
1908,"crime, law and justice",14
1908,"unrest, conflicts and war",3
1911,"crime, law and justice",5
1911,"unrest, conflicts and war",1
1913,"unrest, conflicts and war",5
1913,"crime, law and justice",1
1964,"crime, law and justice",3
1966,"unrest, conflicts and war",11
1966,"crime, law and justice",5
1966,disaster and accident,1
1967,"crime, law and justice",4
1967,"unrest, conflicts and war",3
1968,"crime, law and justice",1
1969,"crime, law and justice",8
1969,"unrest, conflicts and war",7
1969,disaster and accident,5
1970,"crime, law and justice",5
1970,"unrest, conflicts and war",2
1971,"crime, law and justice",82
1971,disaster and accident,3
1977,"unrest, conflicts and war",6
1977,"crime, law and justice",1
1982,"crime, law and justice",385
1982,disaster and accident,40
1982,"unrest, conflicts and war",8
1982,religion and belief,3
1984,"crime, law and justice",1
1987,"crime, law and justice",37
1987,"unrest, conflicts and war",28
1987,disaster and accident,10
1987,religion and belief,5
1988,"crime, law and justice",1
1988,religion and belief,1
1988,"unrest, conflicts and war",1
1989,"crime, law and justice",10
1989,disaster and accident,3
1989,"unrest, conflicts and war",1
1990,"crime, law and justice",3
1990,"unrest, conflicts and war",3
1991,"crime, law and justice",32
1991,"unrest, conflicts and war",14
1991,disaster and accident,6
1991,religion and belief,1
1993,"unrest, conflicts and war",7
1993,"crime, law and justice",4
1994,"crime, law and justice",6
1995,"unrest, conflicts and war",12
1995,"crime, law and justice",10
1996,"unrest, conflicts and war",2
1998,"crime, law and justice",11
1998,disaster and accident,1
1999,"crime, law and justice",11
1999,disaster and accident,2
1999,"unrest, conflicts and war",1
2000,"crime, law and justice",2
2003,"crime, law and justice",13
2007,"crime, law and justice",6
2007,"unrest, conflicts and war",2
2010,"crime, law and justice",1
2011,"crime, law and justice",4
2013,"crime, law and justice",3
2017,"crime, law and justice",6
2017,"unrest, conflicts and war",3
2017,disaster and accident,1
2018,"crime, law and justice",1
2019,"crime, law and justice",15
2019,"unrest, conflicts and war",8
2020,disaster and accident,4
2020,"crime, law and justice",3
2020,religion and belief,3
2020,"unrest, conflicts and war",2
2021,"unrest, conflicts and war",28
2021,"crime, law and justice",22
2021,disaster and accident,1
2021,religion and belief,1
2022,"unrest, conflicts and war",8
2022,religion and belief,3
2022,"crime, law and justice",2
2022,disaster and accident,2
2026,"crime, law and justice",2
2026,"unrest, conflicts and war",1
2027,"crime, law and justice",19
2027,"unrest, conflicts and war",1
2029,"crime, law and justice",8
2034,"unrest, conflicts and war",1
2035,"unrest, conflicts and war",17
2035,"crime, law and justice",7
2035,disaster and accident,1
2036,"crime, law and justice",2
2037,"crime, law and justice",9
2037,disaster and accident,2
2039,"crime, law and justice",7
2039,"unrest, conflicts and war",1
2040,"unrest, conflicts and war",48
2040,"crime, law and justice",9
2040,religion and belief,3
2041,"crime, law and justice",16
2041,"unrest, conflicts and war",3
2041,disaster and accident,1
2042,disaster and accident,3
2042,"crime, law and justice",2
2042,"unrest, conflicts and war",1
2043,"crime, law and justice",14
2043,disaster and accident,2
2043,religion and belief,2
2043,"unrest, conflicts and war",2
2044,"crime, law and justice",11
2044,"unrest, conflicts and war",4
2046,"crime, law and justice",4
2047,"crime, law and justice",9
2047,"unrest, conflicts and war",7
2047,disaster and accident,1
2047,religion and belief,1
2048,"crime, law and justice",5
2048,"unrest, conflicts and war",2
2049,"crime, law and justice",3
2050,"crime, law and justice",1
2052,"crime, law and justice",21
2052,"unrest, conflicts and war",2
2054,"crime, law and justice",2
2054,"unrest, conflicts and war",2
2058,"crime, law and justice",1
2058,"unrest, conflicts and war",1
2060,"crime, law and justice",31
2060,religion and belief,2
2060,disaster and accident,1
2060,"unrest, conflicts and war",1
2061,"unrest, conflicts and war",1
2063,"crime, law and justice",18
2063,"unrest, conflicts and war",1
2065,"unrest, conflicts and war",12
2065,"crime, law and justice",5
2065,disaster and accident,1
2134,"unrest, conflicts and war",1
2138,"crime, law and justice",1
2138,"unrest, conflicts and war",1
2139,"crime, law and justice",1
2141,"crime, law and justice",17
2141,disaster and accident,2
2141,"unrest, conflicts and war",1
2144,"crime, law and justice",26
2144,"unrest, conflicts and war",26
2144,disaster and accident,7
2144,religion and belief,1
2148,"crime, law and justice",59
2148,"unrest, conflicts and war",56
2148,disaster and accident,12
2150,"crime, law and justice",19
2150,"unrest, conflicts and war",1
2151,"unrest, conflicts and war",5
2151,"crime, law and justice",1
2151,disaster and accident,1
2153,"crime, law and justice",11
2153,disaster and accident,1
2156,"crime, law and justice",9
2156,"unrest, conflicts and war",2
2159,"crime, law and justice",5
2159,"unrest, conflicts and war",3
2159,disaster and accident,2
2159,religion and belief,2
2160,"crime, law and justice",1
2160,disaster and accident,1
2160,"unrest, conflicts and war",1
2161,"unrest, conflicts and war",1
2163,"crime, law and justice",6
2163,"unrest, conflicts and war",5
2164,"unrest, conflicts and war",8
2164,"crime, law and justice",3
2164,religion and belief,2
2165,"crime, law and justice",27
2165,"unrest, conflicts and war",18
2165,religion and belief,1
2166,"crime, law and justice",17
2166,religion and belief,5
2167,"crime, law and justice",38
2167,"unrest, conflicts and war",11
2167,disaster and accident,7
2167,religion and belief,2
2168,"crime, law and justice",1
2169,"crime, law and justice",2
2169,"unrest, conflicts and war",2
2170,"crime, law and justice",30
2170,"unrest, conflicts and war",15
2171,"crime, law and justice",18
2171,disaster and accident,3
2171,"unrest, conflicts and war",2
2172,"crime, law and justice",14
2172,disaster and accident,3
2172,"unrest, conflicts and war",3
2174,"crime, law and justice",4
2176,"crime, law and justice",4
2176,"unrest, conflicts and war",1
2177,"crime, law and justice",27
2177,"unrest, conflicts and war",2
2177,disaster and accident,1
2178,"unrest, conflicts and war",32
2178,"crime, law and justice",25
2178,disaster and accident,1
2178,religion and belief,1
2179,"crime, law and justice",8
2179,"unrest, conflicts and war",7
2179,religion and belief,3
2182,"crime, law and justice",30
2182,"unrest, conflicts and war",5
2184,"crime, law and justice",8
2184,"unrest, conflicts and war",1
2187,"crime, law and justice",16
2187,"unrest, conflicts and war",6
2188,"crime, law and justice",6
2189,"unrest, conflicts and war",19
2189,"crime, law and justice",17
2189,disaster and accident,5
2189,religion and belief,1
2190,"crime, law and justice",67
2190,disaster and accident,7
2190,"unrest, conflicts and war",2
2192,"crime, law and justice",10
2192,disaster and accident,1
2192,religion and belief,1
2192,"unrest, conflicts and war",1
2194,"crime, law and justice",8
2194,"unrest, conflicts and war",2
2194,religion and belief,1
2195,"crime, law and justice",13
2195,disaster and accident,2
2195,"unrest, conflicts and war",2
2196,"crime, law and justice",9
2196,"unrest, conflicts and war",1
2197,"unrest, conflicts and war",5
2197,"crime, law and justice",1
2200,"crime, law and justice",13
2200,disaster and accident,1
2200,"unrest, conflicts and war",1
2201,"crime, law and justice",8
2201,disaster and accident,2
2201,"unrest, conflicts and war",2
2203,"crime, law and justice",3
2203,"unrest, conflicts and war",3
2203,disaster and accident,2
2204,"crime, law and justice",35
2204,religion and belief,2
2204,disaster and accident,1
2204,"unrest, conflicts and war",1
2205,"crime, law and justice",2
2206,"crime, law and justice",8
2207,"unrest, conflicts and war",21
2207,"crime, law and justice",20
2207,disaster and accident,2
2207,religion and belief,2
2208,"crime, law and justice",17
2214,"unrest, conflicts and war",3
2214,"crime, law and justice",2
2215,"unrest, conflicts and war",5
2215,"crime, law and justice",3
2215,disaster and accident,3
2216,"crime, law and justice",10
2216,"unrest, conflicts and war",7
2216,disaster and accident,2
2216,religion and belief,1
2218,"crime, law and justice",3
2219,"crime, law and justice",8
2219,"unrest, conflicts and war",6
2219,disaster and accident,3
2220,"crime, law and justice",71
2220,"unrest, conflicts and war",42
2220,disaster and accident,5
2220,religion and belief,5
2221,"crime, law and justice",1
2222,"crime, law and justice",25
2222,"unrest, conflicts and war",1
2223,"crime, law and justice",17
2224,"crime, law and justice",13
2224,"unrest, conflicts and war",2
2225,"crime, law and justice",6
2225,disaster and accident,3
2226,"crime, law and justice",24
2226,disaster and accident,2
2226,"unrest, conflicts and war",1
2227,"crime, law and justice",34
2227,disaster and accident,4
2227,"unrest, conflicts and war",1
2229,"crime, law and justice",30
2229,"unrest, conflicts and war",6
2230,"crime, law and justice",16
2232,"crime, law and justice",7
2232,"unrest, conflicts and war",2
2233,"crime, law and justice",21
2233,"unrest, conflicts and war",2
2233,disaster and accident,1
2234,"crime, law and justice",5
2234,disaster and accident,1
2234,"unrest, conflicts and war",1
2235,"crime, law and justice",23
2235,"unrest, conflicts and war",7
2235,disaster and accident,3
2235,religion and belief,3
2238,"crime, law and justice",10
2238,disaster and accident,1
2239,"crime, law and justice",15
2239,"unrest, conflicts and war",1
2240,"crime, law and justice",30
2240,disaster and accident,6
2240,religion and belief,1
2241,"crime, law and justice",13
2241,disaster and accident,1
2242,"crime, law and justice",12
2242,"unrest, conflicts and war",1
2245,"crime, law and justice",22
2246,"crime, law and justice",9
2246,"unrest, conflicts and war",3
2248,"crime, law and justice",7
2248,disaster and accident,1
2250,"crime, law and justice",27
2250,disaster and accident,2
2250,"unrest, conflicts and war",2
2251,"crime, law and justice",5
2251,disaster and accident,1
2252,"crime, law and justice",2
2254,"crime, law and justice",17
2254,"unrest, conflicts and war",4
2254,disaster and accident,2
2256,"crime, law and justice",25
2256,disaster and accident,4
2257,"crime, law and justice",6
2258,"crime, law and justice",4
2259,"crime, law and justice",10
2260,"crime, law and justice",7
2261,"crime, law and justice",10
2261,religion and belief,1
2262,"crime, law and justice",25
2262,disaster and accident,2
2262,"unrest, conflicts and war",1
2263,"crime, law and justice",11
2264,"crime, law and justice",19
2264,"unrest, conflicts and war",2
2265,"crime, law and justice",14
2265,disaster and accident,3
2266,"crime, law and justice",8
2266,"unrest, conflicts and war",2
2267,"crime, law and justice",17
2267,disaster and accident,3
2267,"unrest, conflicts and war",1
2268,"crime, law and justice",8
2270,"crime, law and justice",3
2272,"crime, law and justice",12
2272,"unrest, conflicts and war",4
2273,"crime, law and justice",39
2273,"unrest, conflicts and war",9
2273,disaster and accident,2
2273,religion and belief,1
2274,"crime, law and justice",13
2274,"unrest, conflicts and war",2
2274,disaster and accident,1
2275,"crime, law and justice",4
2275,disaster and accident,1
2275,"unrest, conflicts and war",1
2324,"crime, law and justice",16
2324,disaster and accident,1
2324,"unrest, conflicts and war",1
2336,"crime, law and justice",11
2336,"unrest, conflicts and war",5
2336,disaster and accident,1
2337,"crime, law and justice",8
2337,"unrest, conflicts and war",3
2337,disaster and accident,1
2340,"crime, law and justice",12
2341,"crime, law and justice",9
2341,"unrest, conflicts and war",1
2343,"crime, law and justice",9
2343,"unrest, conflicts and war",1
2347,"crime, law and justice",29
2347,disaster and accident,4
2347,"unrest, conflicts and war",2
2347,religion and belief,1
2348,"crime, law and justice",1
2348,"unrest, conflicts and war",1
2350,"crime, law and justice",14
2350,disaster and accident,1
2350,"unrest, conflicts and war",1
2351,"crime, law and justice",19
2351,disaster and accident,3
2351,"unrest, conflicts and war",1
2352,"crime, law and justice",40
2352,disaster and accident,4
2352,"unrest, conflicts and war",2
2353,"crime, law and justice",16
2353,"unrest, conflicts and war",4
2353,disaster and accident,1
2353,religion and belief,1
2354,"crime, law and justice",34
2354,disaster and accident,1
2355,"crime, law and justice",8
2355,disaster and accident,1
2372,"unrest, conflicts and war",27
2372,"crime, law and justice",9
2375,"crime, law and justice",10
2375,disaster and accident,3
2375,"unrest, conflicts and war",3
2378,"crime, law and justice",15
2378,"unrest, conflicts and war",3
2378,disaster and accident,1
2379,"unrest, conflicts and war",3
2379,"crime, law and justice",2
2381,"crime, law and justice",14
2381,"unrest, conflicts and war",6
2381,religion and belief,1
2382,"crime, law and justice",134
2382,"unrest, conflicts and war",100
2382,disaster and accident,12
2382,religion and belief,7
2383,"crime, law and justice",77
2383,"unrest, conflicts and war",54
2383,disaster and accident,25
2384,"unrest, conflicts and war",5
2385,"crime, law and justice",1
2385,religion and belief,1
2386,"crime, law and justice",51
2386,"unrest, conflicts and war",32
2386,disaster and accident,3
2388,"crime, law and justice",5
2388,disaster and accident,2
2389,"unrest, conflicts and war",5
2389,"crime, law and justice",3
2391,"unrest, conflicts and war",3
2392,"crime, law and justice",3
2394,"crime, law and justice",2
2394,"unrest, conflicts and war",1
2399,"crime, law and justice",4
2401,"crime, law and justice",1
2402,disaster and accident,7
2402,"crime, law and justice",4
2402,"unrest, conflicts and war",1
2403,"unrest, conflicts and war",2
2405,"crime, law and justice",2
2405,"unrest, conflicts and war",1
2407,"unrest, conflicts and war",24
2407,"crime, law and justice",19
2407,disaster and accident,2
2408,"crime, law and justice",4
2409,"crime, law and justice",4
2410,"crime, law and justice",2
2410,"unrest, conflicts and war",1
2411,"unrest, conflicts and war",3
2412,"unrest, conflicts and war",25
2412,"crime, law and justice",9
2412,disaster and accident,1
2413,"unrest, conflicts and war",24
2413,"crime, law and justice",12
2413,disaster and accident,1
2415,disaster and accident,3
2415,"crime, law and justice",2
2415,"unrest, conflicts and war",2
2416,"unrest, conflicts and war",13
2416,"crime, law and justice",5
2417,"unrest, conflicts and war",3
2417,"crime, law and justice",2
2418,"crime, law and justice",4
2418,"unrest, conflicts and war",4
2419,"crime, law and justice",1
2420,"crime, law and justice",3
2421,"crime, law and justice",1
2423,"crime, law and justice",13
2423,"unrest, conflicts and war",6
2425,"unrest, conflicts and war",239
2425,"crime, law and justice",50
2425,disaster and accident,2
2425,religion and belief,1
2426,"crime, law and justice",8
2426,"unrest, conflicts and war",2
2427,"crime, law and justice",1
2428,"unrest, conflicts and war",1
2429,"crime, law and justice",1
2429,"unrest, conflicts and war",1
2431,"unrest, conflicts and war",2
2431,"crime, law and justice",1
2432,"crime, law and justice",14
2432,"unrest, conflicts and war",7
2432,disaster and accident,1
2432,religion and belief,1
2434,"crime, law and justice",9
2434,disaster and accident,2
2434,"unrest, conflicts and war",2
2435,"crime, law and justice",31
2435,"unrest, conflicts and war",22
2435,disaster and accident,3
2443,"crime, law and justice",4
2443,"unrest, conflicts and war",3
2444,"crime, law and justice",6
2444,"unrest, conflicts and war",1
2445,"crime, law and justice",9
2447,"crime, law and justice",51
2447,disaster and accident,5
2447,"unrest, conflicts and war",5
2447,religion and belief,1
2448,"crime, law and justice",4
2449,"crime, law and justice",8
2449,"unrest, conflicts and war",2
2449,religion and belief,1
2450,"unrest, conflicts and war",31
2450,"crime, law and justice",20
2450,religion and belief,3
2453,"crime, law and justice",3
2453,"unrest, conflicts and war",1
2458,"crime, law and justice",8
2458,"unrest, conflicts and war",8
2460,"crime, law and justice",3
2460,"unrest, conflicts and war",2
2461,"crime, law and justice",2
2461,"unrest, conflicts and war",2
2461,religion and belief,1
2469,"crime, law and justice",23
2469,"unrest, conflicts and war",14
2469,disaster and accident,1
2469,religion and belief,1
2470,"unrest, conflicts and war",5
2470,disaster and accident,4
2470,"crime, law and justice",2
2471,"crime, law and justice",1
2475,"unrest, conflicts and war",5
2475,"crime, law and justice",4
2476,"crime, law and justice",12
2476,"unrest, conflicts and war",4
2476,disaster and accident,1
2478,"crime, law and justice",3
2479,"crime, law and justice",8
2479,"unrest, conflicts and war",8
2479,disaster and accident,1
2480,"unrest, conflicts and war",2
2480,"crime, law and justice",1
2481,"unrest, conflicts and war",6
2481,"crime, law and justice",2
2482,"crime, law and justice",4
2482,"unrest, conflicts and war",1
2483,"unrest, conflicts and war",10
2483,"crime, law and justice",1
2484,"crime, law and justice",9
2484,"unrest, conflicts and war",6
2484,disaster and accident,3
2485,"crime, law and justice",46
2485,disaster and accident,6
2485,"unrest, conflicts and war",1
2486,"crime, law and justice",3
2486,"unrest, conflicts and war",2
2486,religion and belief,1
2489,"crime, law and justice",2
2489,disaster and accident,1
2489,"unrest, conflicts and war",1
2490,"unrest, conflicts and war",17
2490,"crime, law and justice",16
2490,disaster and accident,2
2491,"crime, law and justice",31
2491,disaster and accident,6
2492,"unrest, conflicts and war",3
2492,"crime, law and justice",1
2492,disaster and accident,1
2493,"unrest, conflicts and war",40
2493,religion and belief,10
2493,"crime, law and justice",1
2494,"unrest, conflicts and war",62
2494,"crime, law and justice",2
2494,religion and belief,1
2496,"unrest, conflicts and war",34
2496,"crime, law and justice",2
2497,"unrest, conflicts and war",29
2497,"crime, law and justice",12
2497,religion and belief,3
2497,disaster and accident,1
2498,"unrest, conflicts and war",9
2498,"crime, law and justice",8
2498,disaster and accident,1
2516,"crime, law and justice",11
2517,"unrest, conflicts and war",11
2517,"crime, law and justice",1
2518,"crime, law and justice",1
2518,"unrest, conflicts and war",1
2520,"crime, law and justice",1
2521,"unrest, conflicts and war",3
2521,"crime, law and justice",1
2522,"unrest, conflicts and war",9
2522,"crime, law and justice",5
2523,"unrest, conflicts and war",8
2523,"crime, law and justice",7
2523,religion and belief,6
2523,disaster and accident,5
2524,"unrest, conflicts and war",5
2524,religion and belief,2
2524,"crime, law and justice",1
2525,"unrest, conflicts and war",14
2525,"crime, law and justice",2
2526,"unrest, conflicts and war",1
2527,"crime, law and justice",8
2527,"unrest, conflicts and war",4
2527,disaster and accident,2
2528,"crime, law and justice",2
2529,"unrest, conflicts and war",2
2531,"crime, law and justice",17
2531,"unrest, conflicts and war",12
2531,disaster and accident,1
2535,"unrest, conflicts and war",1
2699,"unrest, conflicts and war",14
2699,religion and belief,7
2699,"crime, law and justice",1
2700,"unrest, conflicts and war",11
2700,religion and belief,6
2700,"crime, law and justice",3
2704,"unrest, conflicts and war",36
2704,religion and belief,10
2704,"crime, law and justice",5
2704,disaster and accident,3
2708,"unrest, conflicts and war",11
2708,religion and belief,5
2708,"crime, law and justice",2
2724,"unrest, conflicts and war",21
2724,"crime, law and justice",11
2724,religion and belief,2
2765,"crime, law and justice",1
2765,"unrest, conflicts and war",1
2786,"unrest, conflicts and war",2
2786,"crime, law and justice",1
2786,religion and belief,1
3106,"unrest, conflicts and war",22
3106,religion and belief,5
3106,"crime, law and justice",1
3108,"unrest, conflicts and war",32
3108,"crime, law and justice",16
3108,religion and belief,7
3108,disaster and accident,1
3111,religion and belief,1
3121,"unrest, conflicts and war",1
3129,"crime, law and justice",4
3130,"unrest, conflicts and war",33
3130,"crime, law and justice",7
3130,religion and belief,2
3131,"crime, law and justice",30
3131,disaster and accident,7
3131,"unrest, conflicts and war",3
3133,"unrest, conflicts and war",4
3133,"crime, law and justice",1
3134,"unrest, conflicts and war",20
3134,"crime, law and justice",13
3134,religion and belief,5
3142,"crime, law and justice",33
3142,"unrest, conflicts and war",19
3142,disaster and accident,2
3142,religion and belief,1
3156,"crime, law and justice",3
3156,disaster and accident,2
3156,"unrest, conflicts and war",1
3157,"crime, law and justice",67
3157,religion and belief,31
3157,"unrest, conflicts and war",27
3157,disaster and accident,4
3160,"crime, law and justice",11
3160,"unrest, conflicts and war",5
3162,"crime, law and justice",33
3162,"unrest, conflicts and war",5
3162,religion and belief,2
3164,"unrest, conflicts and war",5
3164,"crime, law and justice",1
3166,"crime, law and justice",10
3166,"unrest, conflicts and war",8
3167,"crime, law and justice",25
3167,"unrest, conflicts and war",16
3167,disaster and accident,2
3167,religion and belief,2
3168,"unrest, conflicts and war",1
3172,religion and belief,6
3172,"unrest, conflicts and war",4
3172,"crime, law and justice",2
3173,religion and belief,1
3176,"unrest, conflicts and war",15
3176,"crime, law and justice",5
3176,religion and belief,2
3177,"unrest, conflicts and war",5
3178,"unrest, conflicts and war",17
3178,religion and belief,16
3178,"crime, law and justice",5
3178,disaster and accident,5
3179,religion and belief,8
3179,"unrest, conflicts and war",7
3179,"crime, law and justice",5
3179,disaster and accident,3
3180,"unrest, conflicts and war",25
3180,religion and belief,12
3180,"crime, law and justice",6
3182,"unrest, conflicts and war",15
3182,religion and belief,7
3182,"crime, law and justice",1
3184,"unrest, conflicts and war",1
3185,"unrest, conflicts and war",12
3185,"crime, law and justice",3
3185,religion and belief,3
3185,disaster and accident,1
3186,"unrest, conflicts and war",6
3186,religion and belief,3
3186,"crime, law and justice",1
3187,"crime, law and justice",1
3187,religion and belief,1
3187,"unrest, conflicts and war",1
3188,religion and belief,5
3188,"unrest, conflicts and war",2
3188,"crime, law and justice",1
3193,"crime, law and justice",1
3196,"unrest, conflicts and war",1
3198,"crime, law and justice",7
3198,religion and belief,7
3198,"unrest, conflicts and war",6
3198,disaster and accident,3
3199,"unrest, conflicts and war",10
3199,religion and belief,7
3199,"crime, law and justice",2
3199,disaster and accident,1
3201,"unrest, conflicts and war",2
3203,"unrest, conflicts and war",4
3203,religion and belief,1
3204,"unrest, conflicts and war",36
3204,religion and belief,35
3204,"crime, law and justice",15
3204,disaster and accident,2
3205,religion and belief,8
3205,"unrest, conflicts and war",7
3205,"crime, law and justice",5
3208,religion and belief,1
3208,"unrest, conflicts and war",1
3210,religion and belief,1
3210,"unrest, conflicts and war",1
3212,"unrest, conflicts and war",1
3215,"unrest, conflicts and war",5
3215,religion and belief,2
3217,"unrest, conflicts and war",2
3227,religion and belief,3
3227,"crime, law and justice",2
3227,disaster and accident,1
3227,"unrest, conflicts and war",1
3233,"unrest, conflicts and war",1
3236,"unrest, conflicts and war",4
3236,"crime, law and justice",1
3237,"unrest, conflicts and war",53
3237,"crime, law and justice",5
3237,religion and belief,1
3758,religion and belief,3
3758,"unrest, conflicts and war",2
3758,"crime, law and justice",1
3760,"unrest, conflicts and war",19
3760,religion and belief,11
3760,"crime, law and justice",3
3761,"unrest, conflicts and war",4
3761,"crime, law and justice",3
3762,religion and belief,1
3763,"crime, law and justice",1
3763,"unrest, conflicts and war",1
3764,"unrest, conflicts and war",11
3764,religion and belief,1
3765,"unrest, conflicts and war",2
3770,"crime, law and justice",2
3770,disaster and accident,1
3770,religion and belief,1
3770,"unrest, conflicts and war",1
3773,"unrest, conflicts and war",10
3773,religion and belief,6
3773,"crime, law and justice",1
3773,disaster and accident,1
3774,"crime, law and justice",5
3774,"unrest, conflicts and war",2
3774,religion and belief,1
3777,religion and belief,5
3777,"unrest, conflicts and war",4
3777,"crime, law and justice",1
3778,"crime, law and justice",7
3778,"unrest, conflicts and war",1
3779,"unrest, conflicts and war",2
3783,religion and belief,1
3783,"unrest, conflicts and war",1
3785,"unrest, conflicts and war",2
3787,"crime, law and justice",1
3791,"unrest, conflicts and war",4
3793,"unrest, conflicts and war",8
3793,religion and belief,4
3793,"crime, law and justice",3
3795,"unrest, conflicts and war",2
3796,religion and belief,1
3796,"unrest, conflicts and war",1
3797,"crime, law and justice",1
3799,religion and belief,1
3799,"unrest, conflicts and war",1
3801,"crime, law and justice",2
3806,religion and belief,2
3808,"crime, law and justice",1
3808,religion and belief,1
3809,disaster and accident,1
3812,"unrest, conflicts and war",2
3812,"crime, law and justice",1
3815,"unrest, conflicts and war",4
3815,"crime, law and justice",1
3815,disaster and accident,1
3819,"unrest, conflicts and war",3
3819,religion and belief,2
3821,religion and belief,2
3821,"unrest, conflicts and war",2
3824,"crime, law and justice",6
3824,"unrest, conflicts and war",5
3824,religion and belief,3
3824,disaster and accident,2
3827,"unrest, conflicts and war",1
3828,"crime, law and justice",4
3828,"unrest, conflicts and war",2
3833,"unrest, conflicts and war",5
3833,"crime, law and justice",2
3833,religion and belief,2
3839,religion and belief,1
3839,"unrest, conflicts and war",1
3840,religion and belief,2
3849,"unrest, conflicts and war",9
3849,"crime, law and justice",3
3849,disaster and accident,1
3849,religion and belief,1
3851,"unrest, conflicts and war",6
3851,religion and belief,5
3851,"crime, law and justice",2
3854,"unrest, conflicts and war",21
3854,religion and belief,14
3854,"crime, law and justice",6
3854,disaster and accident,1
3861,"crime, law and justice",4
3861,religion and belief,2
3861,"unrest, conflicts and war",2
3861,disaster and accident,1
3862,"unrest, conflicts and war",5
3862,religion and belief,2
3868,religion and belief,19
3868,"unrest, conflicts and war",19
3868,"crime, law and justice",13
3873,"unrest, conflicts and war",3
3875,religion and belief,23
3875,"crime, law and justice",11
3875,"unrest, conflicts and war",11
3875,disaster and accident,1
3878,religion and belief,1
3878,"unrest, conflicts and war",1
3879,"crime, law and justice",2
3882,"crime, law and justice",3
3883,"unrest, conflicts and war",10
3883,"crime, law and justice",7
3883,religion and belief,2
3883,disaster and accident,1
3885,religion and belief,4
3885,"unrest, conflicts and war",1
3886,disaster and accident,2
3886,"unrest, conflicts and war",2
3886,"crime, law and justice",1
3890,"unrest, conflicts and war",17
3890,"crime, law and justice",7
3890,disaster and accident,3
3891,"unrest, conflicts and war",2
3892,"crime, law and justice",1
3895,"crime, law and justice",5
3895,religion and belief,2
3898,"unrest, conflicts and war",14
3898,"crime, law and justice",5
3898,religion and belief,4
3899,"crime, law and justice",1
3901,"unrest, conflicts and war",3
3901,"crime, law and justice",1
3904,"crime, law and justice",19
3904,"unrest, conflicts and war",5
3904,disaster and accident,4
3904,religion and belief,2
3905,religion and belief,7
3905,"unrest, conflicts and war",5
3905,"crime, law and justice",4
3906,"unrest, conflicts and war",27
3906,"crime, law and justice",3
3907,"unrest, conflicts and war",2
3907,"crime, law and justice",1
3909,"crime, law and justice",6
3909,"unrest, conflicts and war",2
3909,religion and belief,1
3911,"unrest, conflicts and war",6
3911,"crime, law and justice",5
3911,religion and belief,1
3915,"unrest, conflicts and war",226
3915,"crime, law and justice",9
3915,religion and belief,5
3916,"unrest, conflicts and war",9
3916,"crime, law and justice",1
3917,"crime, law and justice",18
3917,disaster and accident,1
3918,"unrest, conflicts and war",1
3919,"crime, law and justice",40
3919,"unrest, conflicts and war",7
3919,disaster and accident,2
3920,"crime, law and justice",1
3921,"crime, law and justice",1
3921,religion and belief,1
3923,"unrest, conflicts and war",2
3926,"crime, law and justice",6
3926,"unrest, conflicts and war",1
3928,"crime, law and justice",7
3928,disaster and accident,4
3928,"unrest, conflicts and war",3
3929,"crime, law and justice",24
3929,"unrest, conflicts and war",10
3929,disaster and accident,6
3929,religion and belief,1
3930,"unrest, conflicts and war",3
3930,"crime, law and justice",2
3931,"crime, law and justice",5
3932,"crime, law and justice",3
3932,disaster and accident,1
3932,"unrest, conflicts and war",1
3933,"unrest, conflicts and war",4
3933,"crime, law and justice",1
3934,disaster and accident,1
3935,"crime, law and justice",3
3936,"crime, law and justice",33
3938,"crime, law and justice",3
3939,"unrest, conflicts and war",1
3940,"crime, law and justice",2
3940,"unrest, conflicts and war",1
3941,"crime, law and justice",2
3941,"unrest, conflicts and war",1
3942,"unrest, conflicts and war",2
3942,"crime, law and justice",1
3943,"crime, law and justice",2
3944,"crime, law and justice",46
3944,"unrest, conflicts and war",28
3944,disaster and accident,4
3944,religion and belief,1
4082,"unrest, conflicts and war",1
4083,"crime, law and justice",2
4084,"unrest, conflicts and war",1
4088,"crime, law and justice",1
4089,"unrest, conflicts and war",2
4091,"crime, law and justice",2
4094,"unrest, conflicts and war",1
4095,"crime, law and justice",7
4095,"unrest, conflicts and war",3
4095,disaster and accident,1
4097,"crime, law and justice",9
4098,disaster and accident,1
4100,"crime, law and justice",1
4101,"crime, law and justice",1
4102,"crime, law and justice",3
4102,disaster and accident,1
4104,"crime, law and justice",4
4104,disaster and accident,1
4105,religion and belief,1
4107,"crime, law and justice",1
4108,"crime, law and justice",1
4109,"crime, law and justice",4
4110,"crime, law and justice",13
4110,"unrest, conflicts and war",13
4110,disaster and accident,2
4110,religion and belief,1
4112,"crime, law and justice",8
4112,"unrest, conflicts and war",3
4112,disaster and accident,1
4116,"unrest, conflicts and war",18
4116,"crime, law and justice",13
4117,"unrest, conflicts and war",9
4117,"crime, law and justice",3
4117,disaster and accident,1
4118,"crime, law and justice",7
4118,"unrest, conflicts and war",3
4118,disaster and accident,1
4120,"crime, law and justice",14
4121,"crime, law and justice",2
4122,"crime, law and justice",7
4122,"unrest, conflicts and war",7
4123,"crime, law and justice",1
4125,"crime, law and justice",8
4126,"crime, law and justice",14
4126,"unrest, conflicts and war",1
4127,"unrest, conflicts and war",18
4127,"crime, law and justice",7
4127,religion and belief,2
4127,disaster and accident,1
4128,"unrest, conflicts and war",87
4128,"crime, law and justice",24
4128,disaster and accident,4
4128,religion and belief,1
4129,"crime, law and justice",12
4129,"unrest, conflicts and war",11
4129,disaster and accident,1
4132,"crime, law and justice",3
4135,"crime, law and justice",19
4135,"unrest, conflicts and war",2
4136,"crime, law and justice",3
4141,"crime, law and justice",3
4141,"unrest, conflicts and war",3
4142,"crime, law and justice",4
4142,"unrest, conflicts and war",2
4143,"unrest, conflicts and war",3
4143,disaster and accident,1
4145,"unrest, conflicts and war",1
4146,"crime, law and justice",12
4146,"unrest, conflicts and war",6
4146,religion and belief,1
4155,"crime, law and justice",6
4156,"unrest, conflicts and war",4
4162,"crime, law and justice",10
4162,"unrest, conflicts and war",2
4163,"crime, law and justice",7
4163,religion and belief,1
4164,"crime, law and justice",8
4164,"unrest, conflicts and war",6
4164,religion and belief,2
4167,"unrest, conflicts and war",13
4167,"crime, law and justice",4
4168,"crime, law and justice",6
4168,disaster and accident,1
4171,"crime, law and justice",3
4171,"unrest, conflicts and war",2
4171,disaster and accident,1
4172,"crime, law and justice",21
4172,disaster and accident,4
4172,"unrest, conflicts and war",3
4174,"crime, law and justice",10
4175,"crime, law and justice",20
4175,disaster and accident,2
4175,religion and belief,2
4175,"unrest, conflicts and war",2
4176,"unrest, conflicts and war",5
4176,"crime, law and justice",2
4176,religion and belief,1
4177,"crime, law and justice",5
4177,"unrest, conflicts and war",2
4181,"crime, law and justice",10
4181,"unrest, conflicts and war",5
4181,disaster and accident,2
4183,"unrest, conflicts and war",1
4184,"unrest, conflicts and war",43
4184,"crime, law and justice",23
4184,disaster and accident,3
4184,religion and belief,1
4186,"crime, law and justice",2
4187,"crime, law and justice",1
4187,disaster and accident,1
4187,"unrest, conflicts and war",1
4189,"crime, law and justice",1
4190,"crime, law and justice",6
4190,disaster and accident,1
4190,"unrest, conflicts and war",1
4191,"crime, law and justice",19
4191,"unrest, conflicts and war",8
4191,disaster and accident,6
4191,religion and belief,6
4193,"crime, law and justice",7
4193,"unrest, conflicts and war",3
4193,disaster and accident,1
4197,"crime, law and justice",28
4197,disaster and accident,3
4197,"unrest, conflicts and war",1
4202,"crime, law and justice",4
4202,"unrest, conflicts and war",4
4203,"crime, law and justice",3
4203,religion and belief,3
4203,disaster and accident,1
4203,"unrest, conflicts and war",1
4204,"crime, law and justice",22
4204,"unrest, conflicts and war",4
4204,disaster and accident,2
4205,"crime, law and justice",1
4205,"unrest, conflicts and war",1
4206,"crime, law and justice",1
4208,"crime, law and justice",12
4209,"crime, law and justice",29
4209,"unrest, conflicts and war",3
4209,disaster and accident,2
4210,"crime, law and justice",1
4211,"crime, law and justice",2
4212,"unrest, conflicts and war",4
4212,"crime, law and justice",2
4213,"crime, law and justice",1
4213,religion and belief,1
4214,"crime, law and justice",15
4214,disaster and accident,1
4217,"crime, law and justice",3
4218,"unrest, conflicts and war",1
4220,"crime, law and justice",1
4223,religion and belief,1
4227,"crime, law and justice",2
4228,"crime, law and justice",9
4228,disaster and accident,1
4228,"unrest, conflicts and war",1
4229,"unrest, conflicts and war",2
4229,disaster and accident,1
4230,"unrest, conflicts and war",1
4237,"crime, law and justice",1
4238,"crime, law and justice",27
4238,"unrest, conflicts and war",13
4238,disaster and accident,5
4239,"crime, law and justice",4
4239,"unrest, conflicts and war",1
4302,"crime, law and justice",6
4302,"unrest, conflicts and war",4
4302,disaster and accident,1
4302,religion and belief,1
4303,"crime, law and justice",7
4307,"crime, law and justice",1
4308,"crime, law and justice",2
4308,"unrest, conflicts and war",1
4312,"unrest, conflicts and war",176
4312,"crime, law and justice",113
4312,disaster and accident,21
4312,religion and belief,8
4315,"crime, law and justice",2
4317,"crime, law and justice",3
4317,disaster and accident,3
4317,"unrest, conflicts and war",1
4318,"unrest, conflicts and war",9
4318,"crime, law and justice",1
4326,"crime, law and justice",3
4327,"crime, law and justice",1
4328,"crime, law and justice",6
4329,"crime, law and justice",17
4332,"crime, law and justice",59
4332,"unrest, conflicts and war",40
4332,disaster and accident,10
4332,religion and belief,3
4333,"crime, law and justice",2
4334,"crime, law and justice",73
4334,"unrest, conflicts and war",25
4334,disaster and accident,3
4334,religion and belief,2
4335,"crime, law and justice",13
4335,"unrest, conflicts and war",7
4335,disaster and accident,6
4337,"crime, law and justice",13
4337,"unrest, conflicts and war",9
4337,disaster and accident,5
4341,"crime, law and justice",11
4342,religion and belief,1
4342,"unrest, conflicts and war",1
4343,"unrest, conflicts and war",2
4343,"crime, law and justice",1
4346,"crime, law and justice",1
4347,"crime, law and justice",25
4347,"unrest, conflicts and war",7
4347,disaster and accident,4
4347,religion and belief,1
4348,"crime, law and justice",8
4348,"unrest, conflicts and war",2
4349,"crime, law and justice",2
4356,"unrest, conflicts and war",1
4357,"crime, law and justice",2
4357,disaster and accident,1
4357,"unrest, conflicts and war",1
4359,"crime, law and justice",9
4359,disaster and accident,3
4359,"unrest, conflicts and war",2
4361,disaster and accident,5
4361,"crime, law and justice",1
4361,religion and belief,1
4362,"crime, law and justice",5
4362,"unrest, conflicts and war",4
4362,disaster and accident,1
4363,"crime, law and justice",2
4365,"crime, law and justice",7
4365,disaster and accident,1
4365,"unrest, conflicts and war",1
4366,"crime, law and justice",18
4366,"unrest, conflicts and war",12
4366,disaster and accident,1
4369,"crime, law and justice",29
4369,"unrest, conflicts and war",6
4369,disaster and accident,3
4369,religion and belief,2
4403,"crime, law and justice",36
4403,"unrest, conflicts and war",8
4403,disaster and accident,6
4404,"crime, law and justice",2
4404,"unrest, conflicts and war",2
4406,"crime, law and justice",2
4406,"unrest, conflicts and war",1
4407,"crime, law and justice",17
4407,"unrest, conflicts and war",7
4407,disaster and accident,1
4408,"crime, law and justice",3
4408,disaster and accident,2
4408,"unrest, conflicts and war",1
4409,"crime, law and justice",9
4409,disaster and accident,2
4409,"unrest, conflicts and war",2
4410,"crime, law and justice",9
4410,"unrest, conflicts and war",2
4411,"unrest, conflicts and war",22
4411,"crime, law and justice",21
4411,religion and belief,4
4411,disaster and accident,3
4412,"crime, law and justice",12
4412,"unrest, conflicts and war",4
4412,disaster and accident,1
4413,"unrest, conflicts and war",2
4414,"crime, law and justice",6
4415,"crime, law and justice",19
4415,disaster and accident,2
4415,"unrest, conflicts and war",1
4417,"crime, law and justice",33
4417,disaster and accident,3
4417,"unrest, conflicts and war",1
4418,"crime, law and justice",9
4418,"unrest, conflicts and war",8
4418,religion and belief,1
4420,"unrest, conflicts and war",4
4420,"crime, law and justice",1
4420,disaster and accident,1
4421,"crime, law and justice",1
4421,disaster and accident,1
4422,"unrest, conflicts and war",14
4422,"crime, law and justice",2
4422,disaster and accident,2
4423,"crime, law and justice",1
4424,"unrest, conflicts and war",10
4424,"crime, law and justice",9
4425,"crime, law and justice",1
4426,"unrest, conflicts and war",4
4426,"crime, law and justice",2
4427,"crime, law and justice",5
4427,religion and belief,2
4427,"unrest, conflicts and war",2
4429,"unrest, conflicts and war",3
4429,"crime, law and justice",2
4430,"crime, law and justice",1
4430,"unrest, conflicts and war",1
4431,"crime, law and justice",4
4431,"unrest, conflicts and war",2
4431,religion and belief,1
4433,"crime, law and justice",5
4433,"unrest, conflicts and war",2
4434,"crime, law and justice",1
4435,"crime, law and justice",4
4436,"crime, law and justice",7
4436,"unrest, conflicts and war",3
4438,"crime, law and justice",5
4438,"unrest, conflicts and war",1
4441,"unrest, conflicts and war",2
4441,"crime, law and justice",1
4441,disaster and accident,1
4442,"crime, law and justice",2
4443,"crime, law and justice",1
4443,religion and belief,1
4444,"crime, law and justice",2
4445,"crime, law and justice",3
4445,"unrest, conflicts and war",2
4445,religion and belief,1
4446,"crime, law and justice",7
4446,"unrest, conflicts and war",2
4446,disaster and accident,1
4449,"crime, law and justice",4
4449,"unrest, conflicts and war",1
4450,"crime, law and justice",12
4450,disaster and accident,3
4450,"unrest, conflicts and war",1
4451,"crime, law and justice",15
4451,"unrest, conflicts and war",7
4451,disaster and accident,4
4453,"crime, law and justice",1
4457,"crime, law and justice",18
4457,religion and belief,1
4458,"crime, law and justice",1
4459,"crime, law and justice",33
4459,"unrest, conflicts and war",14
4459,disaster and accident,3
4460,"crime, law and justice",5
4462,"crime, law and justice",9
4462,religion and belief,2
4462,disaster and accident,1
4462,"unrest, conflicts and war",1
4463,"crime, law and justice",4
4463,disaster and accident,1
4463,"unrest, conflicts and war",1
4464,"crime, law and justice",13
4464,disaster and accident,1
4465,"unrest, conflicts and war",3
4465,"crime, law and justice",2
4466,"crime, law and justice",3
4466,"unrest, conflicts and war",3
4466,disaster and accident,1
4466,religion and belief,1
4467,"crime, law and justice",1
4468,"crime, law and justice",6
4468,"unrest, conflicts and war",2
4470,"crime, law and justice",6
4470,"unrest, conflicts and war",1
4471,"unrest, conflicts and war",1
4474,"crime, law and justice",7
4474,"unrest, conflicts and war",3
4475,"crime, law and justice",4
4476,"crime, law and justice",2
4476,"unrest, conflicts and war",2
4477,"unrest, conflicts and war",4
4477,"crime, law and justice",3
4477,disaster and accident,2
4478,"crime, law and justice",1
4479,"crime, law and justice",11
4479,disaster and accident,1
4480,"unrest, conflicts and war",2
4480,"crime, law and justice",1
4481,"crime, law and justice",1
4481,"unrest, conflicts and war",1
4484,"crime, law and justice",4
4488,"crime, law and justice",1
4488,"unrest, conflicts and war",1
4489,"unrest, conflicts and war",8
4489,"crime, law and justice",1
4491,"crime, law and justice",11
4491,disaster and accident,2
4491,"unrest, conflicts and war",2
4492,"crime, law and justice",1
4500,"crime, law and justice",3
4500,disaster and accident,1
4502,"unrest, conflicts and war",3
4505,"crime, law and justice",3
4505,disaster and accident,1
4505,"unrest, conflicts and war",1
4506,"crime, law and justice",12
4509,"crime, law and justice",17
4509,"unrest, conflicts and war",3
4510,"crime, law and justice",10
4510,"unrest, conflicts and war",3
4512,"crime, law and justice",7
4512,"unrest, conflicts and war",1
4514,"unrest, conflicts and war",6
4514,"crime, law and justice",1
4514,religion and belief,1
4515,"unrest, conflicts and war",22
4515,disaster and accident,1
4518,"crime, law and justice",1
4518,"unrest, conflicts and war",1
4521,"crime, law and justice",5
4522,"unrest, conflicts and war",16
4522,"crime, law and justice",3
4523,"crime, law and justice",3
4524,"crime, law and justice",5
4524,religion and belief,1
4524,"unrest, conflicts and war",1
4525,"crime, law and justice",6
4527,"crime, law and justice",7
4527,"unrest, conflicts and war",1
4528,"crime, law and justice",5
4528,"unrest, conflicts and war",4
4529,"unrest, conflicts and war",25
4529,"crime, law and justice",19
4529,disaster and accident,5
4530,"unrest, conflicts and war",95
4530,"crime, law and justice",89
4530,disaster and accident,12
4530,religion and belief,8
4533,"unrest, conflicts and war",3
4536,"crime, law and justice",33
4536,disaster and accident,2
4536,religion and belief,1
4536,"unrest, conflicts and war",1
4540,"crime, law and justice",21
4540,"unrest, conflicts and war",3
4543,"crime, law and justice",17
4543,disaster and accident,3
4543,"unrest, conflicts and war",2
4544,"crime, law and justice",4
4545,"crime, law and justice",1
4545,"unrest, conflicts and war",1
4547,"unrest, conflicts and war",11
4547,"crime, law and justice",8
4548,"crime, law and justice",1
4548,"unrest, conflicts and war",1
4549,"crime, law and justice",1
4550,"crime, law and justice",3
4551,"crime, law and justice",8
4551,"unrest, conflicts and war",2
4551,disaster and accident,1
4552,"crime, law and justice",9
4552,"unrest, conflicts and war",2
4553,"crime, law and justice",7
4553,disaster and accident,1
4556,"unrest, conflicts and war",22
4556,"crime, law and justice",14
4556,religion and belief,1
4559,"crime, law and justice",3
4566,"unrest, conflicts and war",1
4567,"crime, law and justice",12
4567,religion and belief,2
4567,disaster and accident,1
4569,"unrest, conflicts and war",1
4574,"unrest, conflicts and war",1
4577,"crime, law and justice",3
4579,"crime, law and justice",2
4579,"unrest, conflicts and war",2
4580,"unrest, conflicts and war",13
4580,"crime, law and justice",9
4580,religion and belief,1
4585,"crime, law and justice",11
4585,"unrest, conflicts and war",1
4586,"crime, law and justice",14
4586,"unrest, conflicts and war",1
4587,"unrest, conflicts and war",4
4587,"crime, law and justice",3
4587,religion and belief,1
4589,"crime, law and justice",4
4589,"unrest, conflicts and war",1
4591,"crime, law and justice",1
4592,"crime, law and justice",3
4592,"unrest, conflicts and war",1
4593,"crime, law and justice",19
4593,disaster and accident,2
4593,"unrest, conflicts and war",1
4595,"unrest, conflicts and war",6
4595,religion and belief,1
4698,"crime, law and justice",1
4702,"crime, law and justice",15
4702,"unrest, conflicts and war",3
4702,disaster and accident,1
4703,"crime, law and justice",2
4705,"crime, law and justice",12
4705,religion and belief,6
4705,"unrest, conflicts and war",2
4705,disaster and accident,1
4706,disaster and accident,1
4708,"crime, law and justice",3
4709,"crime, law and justice",1
4709,"unrest, conflicts and war",1
4710,"unrest, conflicts and war",1
4711,"crime, law and justice",2
4711,"unrest, conflicts and war",2
4713,"crime, law and justice",3
4713,"unrest, conflicts and war",2
4714,"crime, law and justice",11
4715,"crime, law and justice",3
4715,disaster and accident,1
4715,"unrest, conflicts and war",1
4718,"crime, law and justice",1
4718,"unrest, conflicts and war",1
4719,"crime, law and justice",2
4721,"crime, law and justice",3
4722,"crime, law and justice",9
4727,"crime, law and justice",14
4727,disaster and accident,3
4727,"unrest, conflicts and war",1
4728,"crime, law and justice",9
4729,"unrest, conflicts and war",1
4732,"crime, law and justice",13
4734,"crime, law and justice",1
4734,"unrest, conflicts and war",1
4736,"crime, law and justice",2
4741,disaster and accident,1
4741,"unrest, conflicts and war",1
4742,"crime, law and justice",2
4743,"crime, law and justice",7
4743,"unrest, conflicts and war",1
4744,"crime, law and justice",1
4746,"crime, law and justice",11
4746,"unrest, conflicts and war",3
4746,disaster and accident,2
4748,"crime, law and justice",6
4748,"unrest, conflicts and war",4
4748,disaster and accident,1
4752,"crime, law and justice",2
4753,"unrest, conflicts and war",239
4753,"crime, law and justice",59
4753,religion and belief,5
4753,disaster and accident,4
4754,"crime, law and justice",5
4754,"unrest, conflicts and war",1
4755,"crime, law and justice",5
4756,"crime, law and justice",3
4760,"crime, law and justice",25
4760,"unrest, conflicts and war",17
4760,disaster and accident,2
4760,religion and belief,1
4761,"crime, law and justice",3
4761,"unrest, conflicts and war",2
4763,"crime, law and justice",9
4763,"unrest, conflicts and war",7
4764,"crime, law and justice",31
4764,disaster and accident,5
4764,"unrest, conflicts and war",2
4765,"unrest, conflicts and war",2
4765,"crime, law and justice",1
4766,"crime, law and justice",2
4766,disaster and accident,1
4766,"unrest, conflicts and war",1
4767,"crime, law and justice",8
4767,"unrest, conflicts and war",5
4767,disaster and accident,2
4767,religion and belief,2
4769,"crime, law and justice",6
4769,"unrest, conflicts and war",1
4771,"crime, law and justice",4
4773,"crime, law and justice",8
4773,"unrest, conflicts and war",3
4773,disaster and accident,2
4773,religion and belief,2
4774,"crime, law and justice",7
4774,disaster and accident,1
4774,"unrest, conflicts and war",1
4777,"crime, law and justice",1
4777,"unrest, conflicts and war",1
4783,"crime, law and justice",32
4783,disaster and accident,1
4785,"crime, law and justice",2
4786,"crime, law and justice",4
4786,"unrest, conflicts and war",1
4787,disaster and accident,1
4795,"crime, law and justice",5
4797,"crime, law and justice",5
4797,"unrest, conflicts and war",5
4797,disaster and accident,1
4801,"crime, law and justice",1
4804,"crime, law and justice",1
4805,"unrest, conflicts and war",3
4805,"crime, law and justice",1
4806,"crime, law and justice",1
4806,"unrest, conflicts and war",1
4807,"crime, law and justice",1
4807,"unrest, conflicts and war",1
4809,"crime, law and justice",1
4814,"crime, law and justice",1
4814,"unrest, conflicts and war",1
4815,"crime, law and justice",11
4815,religion and belief,4
4815,"unrest, conflicts and war",1
4816,"crime, law and justice",2
4817,"unrest, conflicts and war",1
4818,"crime, law and justice",1
4820,"crime, law and justice",21
4824,"crime, law and justice",1
4825,"crime, law and justice",3
4826,"unrest, conflicts and war",6
4826,disaster and accident,5
4826,"crime, law and justice",2
4826,religion and belief,2
4829,"crime, law and justice",5
4829,disaster and accident,1
4829,"unrest, conflicts and war",1
4832,"unrest, conflicts and war",1
4833,"unrest, conflicts and war",1
4834,"crime, law and justice",6
4834,"unrest, conflicts and war",4
4835,"crime, law and justice",1
4835,disaster and accident,1
4836,"crime, law and justice",12
4836,"unrest, conflicts and war",3
4836,disaster and accident,1
4839,disaster and accident,1
4841,"crime, law and justice",1
4841,"unrest, conflicts and war",1
4842,"crime, law and justice",5
4842,"unrest, conflicts and war",4
4842,disaster and accident,1
4842,religion and belief,1
4843,"crime, law and justice",20
4843,"unrest, conflicts and war",13
4843,disaster and accident,2
4843,religion and belief,1
4844,"unrest, conflicts and war",28
4844,"crime, law and justice",22
4844,disaster and accident,2
4847,"unrest, conflicts and war",6
4847,"crime, law and justice",4
4850,"crime, law and justice",12
4850,"unrest, conflicts and war",5
4850,religion and belief,1
4853,"unrest, conflicts and war",10
4853,"crime, law and justice",2
4855,"unrest, conflicts and war",1
4856,"crime, law and justice",13
4856,disaster and accident,2
4857,"crime, law and justice",1
4860,"crime, law and justice",14
4860,disaster and accident,1
4865,"unrest, conflicts and war",1
4870,"unrest, conflicts and war",20
4870,religion and belief,4
4870,"crime, law and justice",1
4873,"unrest, conflicts and war",3
4873,"crime, law and justice",1
4875,"crime, law and justice",6
4875,"unrest, conflicts and war",1
4878,"crime, law and justice",1
4878,religion and belief,1
4879,"crime, law and justice",6
4879,"unrest, conflicts and war",4
4879,religion and belief,2
4879,disaster and accident,1
4880,"crime, law and justice",1
4880,religion and belief,1
4880,"unrest, conflicts and war",1
4881,"crime, law and justice",5
4881,"unrest, conflicts and war",5
4881,disaster and accident,1
4881,religion and belief,1
4885,"unrest, conflicts and war",5
4885,"crime, law and justice",2
4885,disaster and accident,1
4885,religion and belief,1
4886,"unrest, conflicts and war",5
4886,"crime, law and justice",4
4886,religion and belief,2
4886,disaster and accident,1
4890,religion and belief,4
4890,"crime, law and justice",2
4890,"unrest, conflicts and war",2
4896,religion and belief,1
4899,"crime, law and justice",1
4899,"unrest, conflicts and war",1
4905,"unrest, conflicts and war",36
4905,religion and belief,17
4905,"crime, law and justice",6
4905,disaster and accident,2
4908,"unrest, conflicts and war",10
4908,religion and belief,1
4916,"unrest, conflicts and war",4
4916,"crime, law and justice",1
4916,religion and belief,1
4917,"crime, law and justice",2
4917,"unrest, conflicts and war",2
4918,"unrest, conflicts and war",4
4918,"crime, law and justice",1
4919,"unrest, conflicts and war",3
4920,"unrest, conflicts and war",8
4920,"crime, law and justice",6
4921,"crime, law and justice",6
4921,"unrest, conflicts and war",5
4921,disaster and accident,1
4921,religion and belief,1
4922,"crime, law and justice",28
4922,disaster and accident,6
4922,religion and belief,4
4922,"unrest, conflicts and war",4
4923,"crime, law and justice",14
4923,"unrest, conflicts and war",12
4923,disaster and accident,1
4925,"crime, law and justice",14
4925,religion and belief,8
4925,"unrest, conflicts and war",7
4925,disaster and accident,4
4927,"crime, law and justice",3
4927,religion and belief,2
4928,"unrest, conflicts and war",19
4928,"crime, law and justice",1
4928,religion and belief,1
4929,"crime, law and justice",8
4931,"unrest, conflicts and war",9
4933,"unrest, conflicts and war",2
4935,"crime, law and justice",27
4935,"unrest, conflicts and war",2
4935,religion and belief,1
4937,"crime, law and justice",3
4937,"unrest, conflicts and war",1
4938,"crime, law and justice",4
4938,"unrest, conflicts and war",1
4939,"unrest, conflicts and war",15
4939,"crime, law and justice",10
4939,disaster and accident,2
4945,"unrest, conflicts and war",17
4945,religion and belief,2
4945,"crime, law and justice",1
4946,"unrest, conflicts and war",3
4946,"crime, law and justice",1
4947,"crime, law and justice",5
4947,"unrest, conflicts and war",1
4994,"crime, law and justice",1
4994,religion and belief,1
4995,"unrest, conflicts and war",5
4995,"crime, law and justice",3
4997,"crime, law and justice",8
4997,"unrest, conflicts and war",5
4998,"crime, law and justice",31
4998,disaster and accident,3
5001,"unrest, conflicts and war",1
5002,"unrest, conflicts and war",1
5004,"crime, law and justice",12
5005,"unrest, conflicts and war",19
5005,"crime, law and justice",9
5006,"crime, law and justice",2
5007,"crime, law and justice",33
5007,"unrest, conflicts and war",24
5014,"crime, law and justice",3
5014,disaster and accident,1
5014,"unrest, conflicts and war",1
5016,"unrest, conflicts and war",4
5016,"crime, law and justice",1
5018,"crime, law and justice",13
5018,"unrest, conflicts and war",2
5018,religion and belief,1
5019,religion and belief,7
5019,"unrest, conflicts and war",3
5019,"crime, law and justice",1
5020,"crime, law and justice",1
5021,"crime, law and justice",1
5022,"crime, law and justice",11
5022,"unrest, conflicts and war",1
5023,"unrest, conflicts and war",11
5023,"crime, law and justice",9
5024,"crime, law and justice",11
5024,religion and belief,1
5024,"unrest, conflicts and war",1
5030,"unrest, conflicts and war",3
5030,"crime, law and justice",2
5034,"crime, law and justice",1
5038,religion and belief,1
5040,"crime, law and justice",1
5040,"unrest, conflicts and war",1
5041,religion and belief,1
5041,"unrest, conflicts and war",1
5042,"crime, law and justice",8
5042,disaster and accident,4
5042,"unrest, conflicts and war",2
5042,religion and belief,1
5047,"crime, law and justice",3
5049,"crime, law and justice",3
5054,"crime, law and justice",2
5058,"unrest, conflicts and war",4
5058,"crime, law and justice",1
5059,disaster and accident,4
5059,"unrest, conflicts and war",2
5059,"crime, law and justice",1
5060,"crime, law and justice",3
5060,"unrest, conflicts and war",2
5060,disaster and accident,1
5061,religion and belief,1
5063,"crime, law and justice",1
5064,"crime, law and justice",72
5064,disaster and accident,2
5064,religion and belief,1
5099,"crime, law and justice",3
5100,"crime, law and justice",19
5100,"unrest, conflicts and war",2
5100,disaster and accident,1
5101,"unrest, conflicts and war",1
5104,"crime, law and justice",6
5108,"crime, law and justice",3
5109,"crime, law and justice",2
5112,"crime, law and justice",3
5112,"unrest, conflicts and war",3
5113,"crime, law and justice",12
5113,"unrest, conflicts and war",2
5113,disaster and accident,1
5114,"crime, law and justice",2
5114,"unrest, conflicts and war",1
5115,"unrest, conflicts and war",5
5115,"crime, law and justice",1
5119,"crime, law and justice",24
5119,disaster and accident,3
5119,"unrest, conflicts and war",1
5120,"unrest, conflicts and war",29
5120,"crime, law and justice",14
5120,disaster and accident,2
5120,religion and belief,1
5132,"crime, law and justice",9
5132,religion and belief,5
5132,"unrest, conflicts and war",5
5132,disaster and accident,3
5134,"crime, law and justice",13
5134,disaster and accident,1
5134,"unrest, conflicts and war",1
5136,"unrest, conflicts and war",24
5136,"crime, law and justice",4
5136,religion and belief,2
5137,"crime, law and justice",19
5137,disaster and accident,1
5137,"unrest, conflicts and war",1
5138,"crime, law and justice",21
5138,"unrest, conflicts and war",17
5139,"crime, law and justice",11
5139,"unrest, conflicts and war",1
5141,"unrest, conflicts and war",8
5141,"crime, law and justice",1
